{
  "tier": "micro",
  "world_size": 8,
  "nccl_cumem_enable": "0",
  "warmup": 5,
  "iters": 50,
  "results": {
    "flux_all_to_all": {
      "mean_ms": 0.08409506175667048,
      "median_ms": 0.059237005189061165,
      "min_ms": 0.049085007049143314,
      "max_ms": 1.2251160223968327,
      "stdev_ms": 0.16498528487973607,
      "n": 50
    },
    "flux_all_gather": {
      "mean_ms": 0.1888087997213006,
      "median_ms": 0.14672797988168895,
      "min_ms": 0.14197401469573379,
      "max_ms": 1.5698140196036547,
      "stdev_ms": 0.20882767178696374,
      "n": 50
    },
    "wan_all_to_all": {
      "mean_ms": 0.06650233990512788,
      "median_ms": 0.06506350473500788,
      "min_ms": 0.05099500413052738,
      "max_ms": 0.17520200344733894,
      "stdev_ms": 0.01755660260885796,
      "n": 50
    },
    "wan_all_gather": {
      "mean_ms": 0.2534422784810886,
      "median_ms": 0.20617200061678886,
      "min_ms": 0.20122600835748017,
      "max_ms": 1.5134490095078945,
      "stdev_ms": 0.22871647552992883,
      "n": 50
    },
    "all_reduce_small": {
      "mean_ms": 0.10298234061338007,
      "median_ms": 0.06029999349266291,
      "min_ms": 0.057859986554831266,
      "max_ms": 2.112766000209376,
      "stdev_ms": 0.2901539888507082,
      "n": 50
    }
  }
}