{
  "tier": "micro",
  "world_size": 2,
  "nccl_cumem_enable": "0",
  "warmup": 5,
  "iters": 50,
  "results": {
    "flux_all_to_all": {
      "mean_ms": 0.08350218005944043,
      "median_ms": 0.07083750097081065,
      "min_ms": 0.054275005823001266,
      "max_ms": 0.6844890012871474,
      "stdev_ms": 0.08756812645732047,
      "n": 50
    },
    "flux_all_gather": {
      "mean_ms": 0.08586728014051914,
      "median_ms": 0.08182450255844742,
      "min_ms": 0.07979999645613134,
      "max_ms": 0.17836299957707524,
      "stdev_ms": 0.01496895222593097,
      "n": 50
    },
    "wan_all_to_all": {
      "mean_ms": 0.10313843842595816,
      "median_ms": 0.09917898569256067,
      "min_ms": 0.08190999506041408,
      "max_ms": 0.1442600041627884,
      "stdev_ms": 0.01688285311665967,
      "n": 50
    },
    "wan_all_gather": {
      "mean_ms": 0.17002033826429397,
      "median_ms": 0.15839649131521583,
      "min_ms": 0.15234900638461113,
      "max_ms": 0.48942098510451615,
      "stdev_ms": 0.04706839434705629,
      "n": 50
    },
    "all_reduce_small": {
      "mean_ms": 0.051663658232428133,
      "median_ms": 0.04750800144392997,
      "min_ms": 0.04456500755622983,
      "max_ms": 0.07845900836400688,
      "stdev_ms": 0.007996225713818582,
      "n": 50
    }
  }
}