{
  "tier": "micro",
  "world_size": 4,
  "nccl_cumem_enable": "0",
  "warmup": 5,
  "iters": 50,
  "results": {
    "flux_all_to_all": {
      "mean_ms": 0.0834754208335653,
      "median_ms": 0.06900299922563136,
      "min_ms": 0.04955899203196168,
      "max_ms": 0.7559859950561076,
      "stdev_ms": 0.09812752585325209,
      "n": 50
    },
    "flux_all_gather": {
      "mean_ms": 0.10628027899656445,
      "median_ms": 0.09990700345952064,
      "min_ms": 0.09645798127166927,
      "max_ms": 0.3735850041266531,
      "stdev_ms": 0.03887610103786203,
      "n": 50
    },
    "wan_all_to_all": {
      "mean_ms": 0.07224536268040538,
      "median_ms": 0.07268499757628888,
      "min_ms": 0.05752698052674532,
      "max_ms": 0.1009679981507361,
      "stdev_ms": 0.008731064766115747,
      "n": 50
    },
    "wan_all_gather": {
      "mean_ms": 0.17697390052489936,
      "median_ms": 0.17405349353794008,
      "min_ms": 0.1718359999358654,
      "max_ms": 0.20054299966432154,
      "stdev_ms": 0.0067690609377700816,
      "n": 50
    },
    "all_reduce_small": {
      "mean_ms": 0.09511638025287539,
      "median_ms": 0.05747999239247292,
      "min_ms": 0.04766898928210139,
      "max_ms": 1.8663360096979886,
      "stdev_ms": 0.2558448033246969,
      "n": 50
    }
  }
}