{
  "tier": "micro",
  "world_size": 2,
  "nccl_cumem_enable": "1",
  "warmup": 5,
  "iters": 50,
  "results": {
    "flux_all_to_all": {
      "mean_ms": 0.07683516188990325,
      "median_ms": 0.07576150528620929,
      "min_ms": 0.05558997509069741,
      "max_ms": 0.11821399675682187,
      "stdev_ms": 0.014140096232876452,
      "n": 50
    },
    "flux_all_gather": {
      "mean_ms": 0.08775163732934743,
      "median_ms": 0.08795849862508476,
      "min_ms": 0.07863398059271276,
      "max_ms": 0.1026960089802742,
      "stdev_ms": 0.007580721694693239,
      "n": 50
    },
    "wan_all_to_all": {
      "mean_ms": 0.12754613999277353,
      "median_ms": 0.09448551281820983,
      "min_ms": 0.07830600952729583,
      "max_ms": 1.5731780149508268,
      "stdev_ms": 0.2092577796181781,
      "n": 50
    },
    "wan_all_gather": {
      "mean_ms": 0.16146455600392073,
      "median_ms": 0.15762100520078093,
      "min_ms": 0.15083001926541328,
      "max_ms": 0.1859729818534106,
      "stdev_ms": 0.00962356109799187,
      "n": 50
    },
    "all_reduce_small": {
      "mean_ms": 0.04901318054180592,
      "median_ms": 0.0452009990112856,
      "min_ms": 0.04248000914230943,
      "max_ms": 0.07939900388009846,
      "stdev_ms": 0.008372501329259716,
      "n": 50
    }
  }
}