{
  "tier": "micro",
  "world_size": 4,
  "nccl_cumem_enable": "1",
  "warmup": 5,
  "iters": 50,
  "results": {
    "flux_all_to_all": {
      "mean_ms": 0.06402405968401581,
      "median_ms": 0.06106500222813338,
      "min_ms": 0.046262022806331515,
      "max_ms": 0.17591199139133096,
      "stdev_ms": 0.018584508771121184,
      "n": 50
    },
    "flux_all_gather": {
      "mean_ms": 0.09877803968265653,
      "median_ms": 0.09776800288818777,
      "min_ms": 0.09494498954154551,
      "max_ms": 0.1362169859930873,
      "stdev_ms": 0.005617675916032147,
      "n": 50
    },
    "wan_all_to_all": {
      "mean_ms": 0.07986361801158637,
      "median_ms": 0.06611949356738478,
      "min_ms": 0.04898299812339246,
      "max_ms": 0.8412520110141486,
      "stdev_ms": 0.11034899185828159,
      "n": 50
    },
    "wan_all_gather": {
      "mean_ms": 0.23748328036163002,
      "median_ms": 0.17243500042241067,
      "min_ms": 0.16358299762941897,
      "max_ms": 1.3859639875590801,
      "stdev_ms": 0.25739094307472227,
      "n": 50
    },
    "all_reduce_small": {
      "mean_ms": 0.05406786047387868,
      "median_ms": 0.047713518142700195,
      "min_ms": 0.046657019993290305,
      "max_ms": 0.30921099823899567,
      "stdev_ms": 0.037107349275982,
      "n": 50
    }
  }
}