{
  "tier": "micro",
  "world_size": 8,
  "nccl_cumem_enable": "1",
  "warmup": 5,
  "iters": 50,
  "results": {
    "flux_all_to_all": {
      "mean_ms": 0.0723876990377903,
      "median_ms": 0.062429491663351655,
      "min_ms": 0.04917601472698152,
      "max_ms": 0.5418540094979107,
      "stdev_ms": 0.06846919962629541,
      "n": 50
    },
    "flux_all_gather": {
      "mean_ms": 0.14796591887716204,
      "median_ms": 0.14645549526903778,
      "min_ms": 0.14209398068487644,
      "max_ms": 0.1822379999794066,
      "stdev_ms": 0.006828007203166119,
      "n": 50
    },
    "wan_all_to_all": {
      "mean_ms": 0.05990866222418845,
      "median_ms": 0.05789249553345144,
      "min_ms": 0.05082102143205702,
      "max_ms": 0.0853870005812496,
      "stdev_ms": 0.007377861897015528,
      "n": 50
    },
    "wan_all_gather": {
      "mean_ms": 0.2792833576677367,
      "median_ms": 0.20697800209745765,
      "min_ms": 0.20354799926280975,
      "max_ms": 1.3700599956791848,
      "stdev_ms": 0.26630617723278655,
      "n": 50
    },
    "all_reduce_small": {
      "mean_ms": 0.11100679927039891,
      "median_ms": 0.06282400863710791,
      "min_ms": 0.05825600237585604,
      "max_ms": 2.3458480136469007,
      "stdev_ms": 0.3227344017485419,
      "n": 50
    }
  }
}